a25f59f2a41cbab441cd057fe375186f.jpg,11rl
0f5db85e05cf018751e2e070beb69d4f.jpg,ec0f
c8fb42c3107b790cd7a992d43b45ef22.jpg,vyf3
712ce77c9b735acd08661903a999a714.jpg,difn
8a2e510c3acb6bbe5370212dfbb021bc.jpg,x199
489dbd0cd63de1cb7b0393c2797c6e7f.jpg,i41k
170f45d9802e85d846d8d46d9975a257.jpg,wcq8
22494725ac375b74799b02fb160120ad.jpg,aya4
6c2be7b83221ff21359e644d9a003648.jpg,rmo7
20828329574ddb518a7513b9d481111d.jpg,0ka8
fafaa8cf62bdb26a3f5436bbfb9cbac6.jpg,7nrz
dadd7ca8a2369952d98f975cd7371eed.jpg,n945
f38c378aeb1099586f6a6b633a5ce7bf.jpg,w3d5
0533968da620d3d2e9e9fa0279daea59.jpg,qwwz
35b1f833ebd479b21cb9a00b009e589c.jpg,rq5t
3948bb080edc6253d73c7f66d233922a.jpg,8dww
3a078a78692f4a876fe640bfc28907cd.jpg,z8tn
565439697e4ad026c70811fdae27530b.jpg,9xx2
9a01d2978140079a0cf04cf0940c4b4e.jpg,h520
8e2c9f95654591420f77a652583c5e39.jpg,n5uc
ec2792be50811f7de9375c7ea235fecd.jpg,a1mf
aed0d67367450f506ce260bec25007ca.jpg,wvny
ff9e22f8684aa38c8d970e49512cb62d.jpg,nj2q
1dad42fdff41c7f736cd96fa1c505a93.jpg,2u8e
8d464c36b17fef9cd568808d5daaa95b.jpg,l0mj
35d14124eaaf8860c9a1588d9ba79635.jpg,p1x8
1322a7a87dc2dac0b27bb10e61964b2f.jpg,9n72
51b88254b6dac84876b937d5e33995b7.jpg,g08z
c0f44238002373754b272c329f5ef835.jpg,zl2g
76139d47191104dd5b19eaa3e02f272e.jpg,1d0r
1b1d25e09cf5ca3f167e9f2274cd68e2.jpg,stmu
8e9e61f241d99b08734fa8eae2532638.jpg,jayq
6cf6d2a88e47f4cb285ad07180f86a3e.jpg,mefh
eb7ce5020189bb760f3a08424f254f20.jpg,7u4x
7c930e523960c70167c2104145b50162.jpg,5e4z
1668da37565746212e9f9e1b488c6275.jpg,4xdo
c7cbac3ee53bedc2262f32ee13c0cbda.jpg,h8j9
f2e20449c0a2bf1a6885834097f811ba.jpg,00yg
1a90aec7ec2eb06b9ad0cbf8c5eed45c.jpg,2b7w
2e32f370a159ffb5661e7a88bb36c72c.jpg,fw7i
094cddccf8e97bbec0268c50d914ca95.jpg,xycb
4108e162ed219f5f3f410db641e04a01.jpg,dn6a
f93a3c838522873182a6cede4934ed32.jpg,2ekv
7415708e3af5ede522748b62a35e1143.jpg,534x
27990e7abde30c9068b44e446064da4d.jpg,p2c4
d701cd92a24e02cf73c9448e9fbb19d4.jpg,vixy
fb69b4936451469d423de69a2a5dddde.jpg,9h0y
5291a2c92feea53e15d0c8a97b5cd7ce.jpg,k1a5
a0ff07706ddd4cad445d83e4875f4803.jpg,bet4
6d081013a1d6ce7136a6909ed69f8085.jpg,gmbq
30df91525b2ae323b91ff819e8167f09.jpg,41fo
a5e4708bf97c966a41c1321667b85aa0.jpg,yra7
cced1dfd2a03c8bcc724e78ebe2896d4.jpg,4964
43d88cd7e67acf4c42b8e7a557005175.jpg,c1uv
fe5e7595ecb69bc3729e03e902c3b0c4.jpg,pj7k
d899762891243f3dcb12003885533d06.jpg,k1v1
b10f98da1f65ac7d956b77625cac752f.jpg,48b2
0306aa49b49ff19452bb09c8c36c2da7.jpg,3org
3407b4df1c0afb6dc61f6db4faabb445.jpg,12fk
9dbc645b5e689d4ad5873dc83f6bef51.jpg,rcpu
809f47c4817016347ebad701d3576269.jpg,0dbb
9e709a5ca0d74f7f115f9d759708aacf.jpg,kn18
59accd8f44c6c9c0792aac8012bdcf6e.jpg,t0ba
988556bc1fa94b9aea792de33f1d96ea.jpg,n0jk
0ef678cd7932139eedce53faf402fa22.jpg,tb61
478bc1ce878c91c4099d101551248949.jpg,rpu0
29247471451fddee186e4dfc9499f166.jpg,wx71
553a04b18ed0a2d739e34018a0365fa2.jpg,shcg
a7a504fb291e5e66d9ea80c919d6238f.jpg,xry7
c26e362171c55c2b0bea4d65d01816c7.jpg,gtey
d83c52387f9144bc173fa8869534cac1.jpg,hogp
c7d849d5e3fd5b1cb2fafe290ee90fde.jpg,oarg
ddf520db910c71880679c06487b348cd.jpg,tgg7
0aba79501bf1b71e9deede167b76f16d.jpg,rpdx
5f6c255949e9f0c3242c9789687d8948.jpg,k1hm
a2570b7c532264b3039c6bf60b400f75.jpg,c4d0
3da94fb90fe742510891916a0fbecd9a.jpg,kn4o
bcf68177a8e03ca379a78b70238c67cc.jpg,4ukl
4e4e46fed73e7b8c2c707543fc5614ec.jpg,nsso
ecbdba39f763f91abe8aa41b5a2bf750.jpg,2uol
e57c0c254e52881bc0eba5cc3d600634.jpg,avjv
151d451691060e9d827ae526961d725f.jpg,zwcu
c1b55eb5818c72afafd0a751c8beceab.jpg,3i72
36da5393aa341d75f6acede5975fbed6.jpg,dnxk
27c31d6325b1130ae5ccedaa928a8919.jpg,n6y2
8b64725f0986eb6d1589be3ceac97c6e.jpg,ry7q
401679c5b020a61730280a28d9a12873.jpg,ns0w
f2955ebaa9ddae27e3e14f79b264ccbc.jpg,l20r
ac58811f75c1f4003470a2924b13b09b.jpg,n0v3
fc8f2f8e489963dc078e0aef3facd473.jpg,3ul7
1416e814325d8ec6e636260d69c3a9b1.jpg,xaxn
5877cce9ea525a4ae6f51324d05a3ee7.jpg,rt7t
b9793247da4203dbcabf9af590088aa8.jpg,tz05
f6065186d074a67d18ef884c51a781be.jpg,z2ur
e32d623ebb113f7338e256ba32a69607.jpg,fiiy
a9870bdad4769dbc3d1e0ac105530981.jpg,lki2
aace7d489b37c369576829a27c4e4a2c.jpg,3sng
da923d8ddbc401cf88b370999a69a74b.jpg,89bc
e9f9135e6f53631609abf6e38536d382.jpg,rffr
5a3608e0450f9118985892595b5709e8.jpg,3sbf
0b370218e53526d5f3181ee8ac0b2236.jpg,bvlm
fd058db75c13fe91fa73365e93ac554f.jpg,5on2
93636cade7bf80f4f9d4eaf21432ecb3.jpg,ordf
d482830ab00296872d34def1a92fbd64.jpg,53c6
5f76dae4d9e7b1640328c02f26cf51f3.jpg,a96x
41de3b0c24c04c6c83c94d5e73b74e1c.jpg,t9zn
cae5594752ec0bc5f3e130dd9a49b36e.jpg,2bku
35519239cb6ad06a0259877502875b97.jpg,lxkc
a5ed2f3d6dcdc19aaf57312ab3b0272a.jpg,ygj7
d74e3f04a1d1967adb376f6545a536dc.jpg,wkk1
0f2887c3c7d87497cadd588c04ccc92f.jpg,pd2p
6600312a4882cf960bb8424665fed872.jpg,em42
eab8fb90dded82999a2e10857ead7eed.jpg,av33
ebebb95787a4286e5029a37797e747d2.jpg,nwhm
636a1f5be452e5b5fc3358bb1535d0b6.jpg,akxz
25ee78ae752499694a7350220f493dde.jpg,2yoc
bc191680b658cc50fe415b6c9010a584.jpg,okqf
bbe98fb7e22ff18d3eee4c0fa1f9fdce.jpg,z8kt
0a3312c4d4b1b605d81816873aaa376a.jpg,rtdz
7d3cbb490aba8b9b78ac99c446022240.jpg,gzvb
d6c172a7daf54bda338aed52528186a2.jpg,kodn
a5a9f5da8b24f9a9cf59046b50784f54.jpg,wlyx
466bc176c8ec387511b6e94d42401d7b.jpg,bsge
ae46837895a613310b044feb47631f80.jpg,gji2
d8b63e98c3dbfceb2a26fd3a0f07f80c.jpg,oa1y
2fc0da90a79b973f601226e0b0aecec1.jpg,dflo
45b006d843f604b8b4a60ab14de9d47e.jpg,xcgu
01284ab54816b56688d6f61f2734cff5.jpg,so6h
bf2fdd0033521a32a574e6299c837b0d.jpg,68uo
ad622f8e869d60f4689a0780bfa8022e.jpg,nlme
78eb91474e3929141c778b053c3f424a.jpg,lbtq
26e4bb0f949f01a32a8c5ec65e4a478a.jpg,q635
ecd79472be3cac11d0af146c08883a30.jpg,cfv2
0604d943bd00f5be50b7b6e5adb15943.jpg,1imu
4bd32fc40f8d7335c7ad514c348ab1be.jpg,a2td
32736a778d2a3aa99e106a6debfe2643.jpg,l3el
e4f3ee904b213bee0d3ac2b71ef6ec56.jpg,y862
3c7fc712d49055c81e45c56bc4441c61.jpg,9c5q
a23db69cbfeb80a9eca577fc1238e24f.jpg,b25h
baeccdce61fd9dd6b705dba4c3853e43.jpg,j601
9aaebb9f1b344a96e4b4c8ab6bde70ca.jpg,w0sy
527a85c27a069212f02947f6c6bd957e.jpg,fdk5
7c34d5ae73c850598c470522b7f23443.jpg,0b57
128388df40be4e2cacc0614ad15d4b9d.jpg,e0vz
cdb83698c3453db028d4a2a130f6b2f1.jpg,dtx1
bd86cb3a203ce9866ab73dfaf4d53c60.jpg,vhhn
39a4163a999bb1f965324f8625de0426.jpg,tr0i
8d6719b864141c2ddda1199554d10403.jpg,mbyh
495a880e17b7b383ed12979ffa891605.jpg,suu1
34631a6329f08e8d7fffad81dec8a3c7.jpg,c7p3
1bf66977a9e932101966fa8533cbbb17.jpg,7vci
f94d48c470c92f9d05494e49f9d1b180.jpg,jz5x
8ad38b09a694b31c9c9a193b98d0a619.jpg,jsk4
c753e2a32d396c1fb7de6ca6f100e6bf.jpg,0hai
ba545f6d7eceabc47e0e9b3f93340385.jpg,kziy
a4d95fb0e22932d86f80b60d5b6d7e8e.jpg,lxqo
85ccd8c96ca6f48c162f25ea2304b424.jpg,fn13
6123372e05c5d2a5edae7fea02a36dd7.jpg,qb3b
3212d574d37dc8a7e02d81f1102e4ccc.jpg,uypd
f6edc7edaa88d036f703f4b9d778fa54.jpg,rtiy
821431396cf807d03b9f09505854569e.jpg,zsob
e0e49db02e5da0725b57c874d53d2446.jpg,oqx4
af491973b429e764521b399419d14213.jpg,hdyp
2251020d70ace442816e8598677662e8.jpg,uxu9
ed3ca290cfd88931b4c51e31b6b60595.jpg,rvpn
1624d0ca7618b6f4930a5ff6f58c5b13.jpg,u00s
9581abb884e2d13c82120d4ecbdb4f90.jpg,movi
fbf95700f46820755dd3e46c0761d32d.jpg,8qm1
99b35b245454c963b0f80cb96377f965.jpg,tmwv
199ade2a7f0b9953e9e659df039ce5ff.jpg,fvg4
d5511d4571e3d9116071058d2f421441.jpg,82hn
f3dd4e2957c3181c5407593f623e3d82.jpg,4kj0
b76e7aa15bd9b6713f1e8708210c57cd.jpg,ronf
09374877529908a156be3a9a2e598a15.jpg,pvc7
94c336e88bb8ff1351300d7b76ade518.jpg,x5uj
916f988706292017a65eecafee01323a.jpg,5ok6
eaf498bf01b3a965929c3cedcf679439.jpg,z1j1
5274699912b4452995f5590492717e78.jpg,5m88
25c9164091c1b0fdd2c8255e8618468e.jpg,kd6e
c1efefd0e3f21e33a9a71c360ad4e106.jpg,ejj6
7d76128692e251cd6852d5502f1bdb71.jpg,09tt
24fb6841b959316ab92be5624d82dd21.jpg,l1zn
188820e17c3819d12e24f26ef1d9b03b.jpg,uge4
0cb22e1205bea6376af37e785b12bbb5.jpg,9ebe
8b59e7f65d3595ae9344df982c3a137c.jpg,2mvt
6559f499f3e98516b36b2ea35ef44bdc.jpg,skp5
6d987a1d1ed98a6c9ab6906553fdb721.jpg,3dhw
0273ded8447b58f107e827e96fbed077.jpg,xrqr
dbcfcbf87f4ea843e9df225cbb957e64.jpg,nbde
5d2786324be3e2506adac07c968bb6ac.jpg,4pab
53a26a8b2bb73836cd4723d697494625.jpg,5mdr
5afaad1841e134d2aef9fa1b975a12fe.jpg,h6w3
b8799c7bde52464604e032bb3263027f.jpg,x4xy
97d103cb2cc277ccf98d8d199889254c.jpg,d478
e2421334b03eedf4213c0d46eed9abf8.jpg,i9pn
fd9c78556d34a991732487eb4cf77972.jpg,8l58
710672efa7e16e8322ff245c01fd4cc0.jpg,abkm
fbdab1fde1a1dd84fca4c44e533afa3f.jpg,dd58
9c49dada21f00a0e9dc6524119dc9fb2.jpg,yrbb
ab32b28e3b8580f186cec58d18895ba7.jpg,pbbl
4f0c3d1c83526bb3f609939513461ecb.jpg,d90e
af48353269c76feddef41b489f06e8c5.jpg,orab
e86c647db221348aa7bc194328cdb9ff.jpg,xwvt
208d3b135b2b0901f22b00ec38adbb05.jpg,4j8u
182d599f55824dda8b85e506abdd123d.jpg,e9um
d6bc21e7747b485e5d3e0fd46ab1c020.jpg,1uzr
9fc1e6d5e9230940f504905cd4b9f2e1.jpg,nb7i
b6cd01c0016f72b02a4685b75e60ccea.jpg,17dc
6cb817fd4ae5a754d99941b72fb6feb0.jpg,apro
12ab3cd6d83c73a0a2fbda94a1f4070c.jpg,8vwb
ff0e4378ab52120ad33d90a66751e829.jpg,2xk3
b3dfefe1b6da315caefc3776adcefcbb.jpg,dh6c
adab87a7b7757c898e1db911530d79f3.jpg,k1zf
3503c8e691b3109ab0903cd5ecd8c865.jpg,dbrh
d3bd7bfd3d59f8a30a43e7074f868d7f.jpg,aowg
5966949c4cfefd73e4435fa5efc9eaa9.jpg,cbud
131263e608ccaa10f0853f525fedbcc5.jpg,z7iv
490860fb1a8aa7aa3b856dd7f8417986.jpg,cuq8
5ab0ddc5d975c6997823726d351a7161.jpg,pb3z
11025f8321c77fe4c8ff4fb0043cf126.jpg,qik3
75922404673750df9759a02533244878.jpg,s6q0
af6e22e5b020357aa0326b2d1fe091d5.jpg,7yn5
a1efabf8ffd7711d6833c9a41c5c0018.jpg,7c1i
2924212eb0b76b86d57d9275d8abf3e0.jpg,tw06
90dd49ea00ea322ec7237ad4774f44fd.jpg,e5dh
2ec6ee9772a6760688e3581ae5a9b46c.jpg,snw0
4cd49873b1f828347e970c28f35cf162.jpg,euk1
0c26392a1d83c1786a5d76c65cea391c.jpg,2jel
84a25afa7dc307f08f72337dfce23bf1.jpg,3pl3
0bddef07873ab49d6171adbaee1251ba.jpg,f04q
8cc34c0483674f8c122681fbcbf42497.jpg,xzxi
9b7417bee75c8f65f0627c179bc02fdd.jpg,hjlz
89f2b03f6f9b207990ff4ba6ce0da324.jpg,qz6e
86b024891fd7c01dfd4cfbd90240df83.jpg,svkp
12fcbd5a414cd3d62300b1758a6abc01.jpg,45iy
e3c292003006e9720d2019d50c264552.jpg,f18s
2bb1b1e68051c81779f6d26551bd2e5e.jpg,49y3
5efb4e5b080ffd4912c69507a3b845be.jpg,8lq8
650d0536e52d757cd185f40c561215d7.jpg,unpc
447f7f36c148eab6447d398d92b99e04.jpg,nvq8
01569d55137cd7ae105a31de636c0cd1.jpg,naf2
b78b4a7de66e237b90007e4129b0da83.jpg,c48k
11a19948032c20ebc6e9dfd71c774ea5.jpg,xu1k
da6c0b1ca08a0eba6c44b6840c3bd894.jpg,gifg
994231c7fa86b9d9bf39b94a9862c9d6.jpg,a305
2d4ac6cb4797e1d1b18063657fc648d6.jpg,e1w0
2b8951069929fc8bf2a03adb5493280e.jpg,bs21
96564aaf73bc5fd996f9140503566562.jpg,punq
092e21e800c542c8a283c4dd4eca5ab7.jpg,f5nc
970af6d9b286f68230a084e3b43713f2.jpg,4ryf
cf758fc750222d6eab2219098ca9d0aa.jpg,mt1h
562cf8f74081ee10a94fd78883b6724d.jpg,t3vs
a727fd492df2a0dedece94cb7165a340.jpg,urhi
647a0f059f3b8b2ef0fa2f06908098b9.jpg,dsif
1d41604ecb02a253a3e2b5edb8583e4c.jpg,wzys
6ac10c6463ff9fe7e494fd21d3d66845.jpg,yx9f
a2acf85ba5a77f8bec7ed4022f526fee.jpg,8d7b
bf3e07ea651ff06d5fb435b6e7cda322.jpg,knus
3a06a1c8206f8f4260df3515f5525f7f.jpg,rhxa
1d2abeee22f3bbaa0fa26d90841754bb.jpg,132g
53eb1985b70fd181a5990866b79e84a6.jpg,ci7z
6ae13cab7d8ed54650caa10e40e7b1f9.jpg,67qu
dec9667cba05516e20278ae195722dc8.jpg,lbif
703c5b90f3105a3d1df460ec47873679.jpg,qeut
3c2be9adb05ff1c0914b03a16ad58163.jpg,wf9w
d70484d62208d8a99abddaf3cc5bca6f.jpg,3jzh
46dd3179f79d201a248e898ec4a61eaa.jpg,u9n8
a0f327b127ce05d73e45e5c7cd6cbd89.jpg,mvxr
dd370ca44632e8113ac50a0f5853f2f1.jpg,177q
0bd12f3ed20449ef56ae2fbbd9de336e.jpg,79of
eb9a22e9d46fc50c73500693b8d6278d.jpg,a463
914c171cece232b2bc8409c532876ffe.jpg,ebsb
eb4aafb0bb8807754f5acb4e33ca9ccb.jpg,u77g
45c57a7c825b60e116a1e509c72cfce1.jpg,6l3l
582258aeee2bfd701a4f8b0399e39320.jpg,twg8
c45f9b9a8c8818604ee781e7166e5012.jpg,bc3x
ea18a335de7112ef5dcdb6975ebf4d6a.jpg,qw0z
6df22e6570e3f4bbfe3d4c3eed192771.jpg,lnoz
70966fea699b697d0cf7e077be247016.jpg,yn61
5f701ad335e7240dfc9331e70dbdc500.jpg,mnfx
86b6727d7f1721538fe512048fb4ab60.jpg,u2qp
ad29964880d6e0aea5f303abdd4c8b7e.jpg,ze24
5f6cdb6a70be531033aba33d91468299.jpg,1drv
86ecbeeb0576d965ff557c366e0eb46d.jpg,042h
a5c71178301508552a7ab1574c4bbcdb.jpg,sjyu
8ea93d30dde7561068864f60b95e405a.jpg,h9sr
d2aae7c606fa131c26a56835e40d867c.jpg,q6cq
8005901e7afdda2591118466427b4794.jpg,38tz
277f5234cb8de00a2ad295ff5d9233f9.jpg,vgh9
cd0f6b0a694abe0d596bbfd34214dfaa.jpg,lzct
4c9e72f851a0dd5d9ef711458d3791fa.jpg,0o2b
c2b6171adba504d5fee082ca25bc2eed.jpg,d4bw
e85a1f8ffd18015b24e63d6818bef02c.jpg,dn0s
7bbb815e75644f488285a3c45c9273d3.jpg,ywkw
ad1d94dae6063467997d0ff3b072147d.jpg,95n9
a25a3308e0406954dd6cf69d11afa9e4.jpg,vuxb
c9ee6aa4af0b526a0176ba1bc602d5f6.jpg,ysh9
20cb3691132fa30677a116ca969650d9.jpg,beji
bbcdeed2ced0472a591e7b63966771fc.jpg,2b7g
a9df18661e95ecbe9aedab81c9f31f17.jpg,gkn4
f07d9f2021baf241a2ccefae5ba1b2b5.jpg,vcow
ff10b2f0228fc0fc71122e3d90b3513b.jpg,od3w
773b1878920714ea893f24559f977387.jpg,djkw
126aac82178bffe780849301322d8575.jpg,11id
c3017a1c0885e1175f604470d9e233e4.jpg,15sy
28bda8984c92de58d89170bcafacf0f0.jpg,rqn1
5c51d2fd36a27a5885e09db89a242ad6.jpg,1cxh
a07d6b8970baf1d7951ae101f9cdce1d.jpg,bhlp
db64427de7e72cdeb27f45189dc23f41.jpg,ptgn
2821d98dbcf29f18df075d293327cbe2.jpg,fbhd
687706b92eb2809acd31315516cebc55.jpg,wk3e
384afd4bd667edb3ed7b699fda0cc6d3.jpg,7dde
a54724aa21dff9163195898a09cd9f59.jpg,j3wl
44f7e3f3463804eaed387c26d0920516.jpg,ni0p
c21932c4abb8233892870decb62312e1.jpg,bymv
c08c97c3139a6acf4ddfccab9d74f05a.jpg,c3bb
f27c03264b45118f91654838ad301355.jpg,jzbp
c9a2fd71c03513c911c606a941a2dbe7.jpg,ise1
451eb62f57310d4acf0df8e91204536e.jpg,92kw
e0be8f28c84237133a47bc53f33f19cd.jpg,972q
0138bdf3fb64395f9d216309e9ad983f.jpg,x9l2
5d50efd7ac980b6ddbfbf6050f6a6c8c.jpg,4ge4
f7d80ecf459b06290b9e8cda307166a6.jpg,oo1g
1ba87cf30fa65e95fa8cebe9b4106827.jpg,f9l8
87b5893b9d679016f29e59e8c7876633.jpg,15ll
3cfd650d1117f85fad709a8502f4febb.jpg,d9in
100d5e72908e3f22bc8ee1d525520006.jpg,eo7d
94c75e0c4cd95c5bdbae75bff90ed2e0.jpg,lc9n
5d86819de923a037e098448858f0ed52.jpg,qpn0
5a2cca1492e31293db541b98e35e2e83.jpg,lt51
dc1453e38213e5975ecbecfa5b1eae65.jpg,98ep
9c955951ab84027ad0ac403c51539fc2.jpg,80ze
b4c296785921e519aab36ce92c79e308.jpg,85v5
20f8e2a8ae0a7ca2a3b1f3877cda411e.jpg,dgr9
c14fee4570b4e4e4d3291615f5ecb36a.jpg,39av
6f1c4b8b7954ec454ccb0a6b189ec57b.jpg,ony1
58d7808fe2e1e0f2147efd9b74825732.jpg,uowi
5883173c4495a633e98a9067bf87bfb9.jpg,dfuu
d5b1e8aad72aac6566d8ecfbe29455cc.jpg,vwim
50c1a68835b77ce4223bde03e90d3200.jpg,wgzk
1124da7820f28369d0f52312832350e7.jpg,8hkx
6c4465b4d9ef0723a7cf35fb05d4cac5.jpg,lza1
b505847567a8ab9f2fc12e7a50af3a9e.jpg,a1us
2c5e5784626373627497ba01e12ffb91.jpg,wnr5
c127bdc9f68ed7d48c7d47b16444eda8.jpg,g5hk
f99454fef8d91e96fd4fa6644c49a2ce.jpg,t2g2
b5a3c9221a8cea48e09f3b924c99f6fb.jpg,uhqx
8a2dca1ec3ad0e55eedb74c3fd156db7.jpg,2zns
b907c83af2fa8ae2bbfd530668811ae4.jpg,vmzv
861c6c8fc611d13d6e8c7cbabf7f2d93.jpg,38g8
30227f9b35296e1bd74b9fbd1e8fc14a.jpg,ysin
3de16fee3ffacb716027a264ad42351e.jpg,l45p
7878beef4f4998779538aa8942e98767.jpg,llu7
416525a95371d98900ce6f97a44d6805.jpg,ttie
ee8b0ee18b626f6321e7f0859a9de8c5.jpg,26pr
fb521cdf69c0ae1e420ece3733da8634.jpg,5r10
fbda00c1363ec4199866b5835c51b089.jpg,4qgb
bb4f3fbbabad84d27698a41ff3264225.jpg,2whd
8b8f5ed72021e856278ec61d32cb2e3c.jpg,295z
a51a4b4444290aa55f9b3327aba65436.jpg,ni1d
6ae83a4848b35c6e0424b8d39fcb24fa.jpg,vlwm
78e8267e86652eaeb12182b52ac4797f.jpg,duy0
3222ec84787674357b92e4c5fa4b44a4.jpg,pbov
98d4ebdb5f125bf864b967617ecf62f4.jpg,u1m5
aea6a2596c37e973e58b3087517bff21.jpg,hgjk
c0bced0d95667f89dd095b3390e5c32d.jpg,exdf
766e60de0afd15a5d4dc38b6a3f70b35.jpg,47j8
87d238f86ded9086cf2aa61cd4beca01.jpg,t226
15a8a96879cf9225cac3a8a8051cc3b3.jpg,v939
a94df943dbfd1107d7d108f37a3c1ed5.jpg,mzj8
3bc213f442d9bb275643bc35db755c99.jpg,rsph
e8426f957f0e334d2cc9d83e08ab7232.jpg,0lvn
913e8be8d79fa3322e4c96a2f68fc131.jpg,slt4
45b0083f45e880eb5842168a52043586.jpg,xy2x
a083cab8c1ecfae24f5212e242cb3f3e.jpg,fnda
e047f41aa02b99568da5dd8a49809bd7.jpg,8ghv
f67a01635087c1f1b8cddb6565d4a697.jpg,ocl9
c0a3d962f94c0c11bcb2e72f3d5f6603.jpg,157s
a438ec234a786756c3b4e582e5c66f7e.jpg,78gl
bafe0f2168f6f50d454a385557f59e33.jpg,ge2g
36918e5c6f3af55165049e86c20d2712.jpg,06ie
7cbe40c971b178cb203ee038732c9222.jpg,61ke
29f38b7b815faf48747de3cc48548290.jpg,fowx
0e8e361190ff14ee9cb6dfca3d7e8232.jpg,wncc
0746f412949ed0567152a8026391df53.jpg,dj2f
28552a68640a7ffd74b4e8bc6dac9458.jpg,0xac
9ed6cce517fa6b1b9166b4c1b741d871.jpg,8gxr
da49f5cb4407e7be83650ad57d73a73c.jpg,0ptf
2931f6e89a5308e7781684232d65e0b7.jpg,14no
868b802dbb7a75a035f4aaa4ec581f94.jpg,d5qb
cbb90aaa90f18135ff559d8e580a522c.jpg,w5oa
d3ab2ab41d1f0a16138462c7b861aa8b.jpg,vn0d
9f9b91d94e2f9dbccb8e23cafdb988ae.jpg,7edw
3915c8073482dbbe40e1cb9655b6103d.jpg,o480
6e16be9c5a938eed579f394ed64df710.jpg,0oqr
12ca23c037dec4b65d7342e5115b2258.jpg,oanw
3ffa540b366c3ad3646198e305b04e02.jpg,evrx
e1d2119198c23e4fea844093320fc96f.jpg,bjs3
62a4c4ef6e99c57aee45bf2325cf5a64.jpg,55ar
ff6042b0347888d20ef9b853a0f76b91.jpg,8uqb
845d2db7b237a81055875469973819a6.jpg,4ayq
b1c98e5888c7284b51264f32f05fe5a2.jpg,5l9h
3c8a26c815312a114e8fd3fd1c9a38af.jpg,7vfd
b4c2dcb5cafcbe12939dccfd597928c0.jpg,u7h5
ba202f760f074e92acc12b58ab91a9d4.jpg,6mqv
e99b88c032dc26a5f27bd0126253a880.jpg,ddts
852e2429d76c91f44e9a232aac5379d3.jpg,ubf4
ab4add597cade4ac841edb9daaa67895.jpg,3v0q
ceeabe8145b95318af60eb62b5d30e4c.jpg,ml82
a030675c2361078cafccbd2202827297.jpg,cwzw
b60e04cedda4d056889344ba6a91da95.jpg,xca7
1537b00c0b89f4900559bd488c9644d2.jpg,z4dv
11884bab5354a5d293b35a25a8548d74.jpg,knl8
7c9674ef90666879cf3cd10995ea41cb.jpg,wera
938cb613ad2d14bf1b149a1bb86d296b.jpg,1vvz
b0e7e75c5fb3548ebf6847c03ead2426.jpg,h77o
1bb16e6cdbf65a96018b9b54de9ccd53.jpg,9z2d
530d21a77623acc756e3f7b09ba99913.jpg,7znf
26f8294121714042c3faaa4d17b0dadc.jpg,qpls
67fe25d540e4e3f34da977fef5dcaea9.jpg,x3yd
d13bdcea50857b9988b73af7b3103020.jpg,7lni
4876de35f09bcbfc79a18aadd198509c.jpg,jkuj
ff34045f72c8d113b4dae041d88d3fba.jpg,yrk5
23b9b89f2db4f606fac234648bb1711e.jpg,jqei
11153ea9110586b7e379cfd2a777af39.jpg,oxvz
50309b41197f763e8fd5d728c92e36d5.jpg,cfak
6296c42f0406ccf69731842cfadb310c.jpg,xd2y
162ad253bb7d864000ebd53ce7440d00.jpg,5frt
b3863f0b01fb8aac2288e124d1e460ab.jpg,k7y3
d3abab5831d7a72c4cf8d200d0966182.jpg,el9t
d2693ee79fe3b34ffb7599880b7566eb.jpg,qbja
569d740261f5cd11a0af0104dba40745.jpg,xawa
d83e2f9fc9623392c7370c032eef2359.jpg,d4fu
ab26bd25e7c18a34d41361c0ca6f88cd.jpg,4czs
e7a13ccd06624566f12c078346124df1.jpg,sug6
c64c47fb34749c582c18dea799e88d2c.jpg,r7k1
0a44b1a95df88b41cf4c093dcc95e48a.jpg,oy8v
90ccbeacf10f8812add582405f3a050b.jpg,zj3y
18c24e02a69ea49c351e92e4602c9309.jpg,2y3e
5b544e00b5b58124fd1d4c764bf01eff.jpg,1hx3
937d52c1333c5ae123c53d7c101cf8ca.jpg,achk
024f8e731d98acb23b1b1ce5c32b0e8d.jpg,p135
eda5b40ab70c63797b56c1c69c990ee9.jpg,p5co
5ccb700a4049f2c61f1c964840fc1562.jpg,fnnf
a8c490f887eb6484d095b66c009fa7c2.jpg,rb0q
e85bd4bb77a864b498e3fbc04dacdda0.jpg,wse1
c955362f9c2d1037a490b5a1cb37d646.jpg,780s
f1f1763f4e1a6f55388585979e18af1e.jpg,08m9
b39ecce2afe9a658724d555e29eeed6a.jpg,3st4
a966ebeabf8e7807b60edb32296d038b.jpg,eebv
c1828264c388dccec07ab6276ce8c6fa.jpg,lja1
34237fcec4b2e7f0a06b67b91c60e9ad.jpg,y8b1
ad577834387303988e163790bb860c2e.jpg,tbk8
ddd22293cf5e4130869404b55c9e1889.jpg,gyym
8afc5b1c22dec7db5588725951557f5f.jpg,31sv
2136e3c46cd8dd67c0148a365d69532b.jpg,8pdg
0ed27f7611b0f7b5b2ba7241c64a564c.jpg,yiq9
b665ad84b013621dd3ee150163a698c4.jpg,ofss
4bfe90eba82948707b197a4be9b47d64.jpg,61hl
001acce0e707290f2179ae9bf9c1cf6d.jpg,6dcf
de18ea5aa16416763317e794a0b8b3ab.jpg,ubvw
340c9adaaa08131a2e05db7b43c0534a.jpg,q990
e7e6e3818c288de35e2cfa68e3fb6a6d.jpg,vqcc
59d0e225105cbcf098558c269abb5352.jpg,1omm
5c03b2b04bb1dbb9dd4ea61668237b17.jpg,cey7
2f8f360b411621073945e781ab2a7494.jpg,crbm
afa4ff06e1363d397d704a4047f8b71a.jpg,ypck
08ae427cc9f411c5d010cdb60441342f.jpg,phqa
5f573a837c10ca4def97bdfc5d516a53.jpg,kywg
333ba005408392cebc0cea5447cf86eb.jpg,awb4
013b31178d7e3359dbf248eff4f36087.jpg,2b1o
0dc37b405f1473f328a8c1e3a3c72da7.jpg,9ukk
ccadefc77e2ad39a26c6412639ecd093.jpg,gma2
8f680e17c85b1025d8920bf74543988f.jpg,tc1w
019b798738547d1afbbd9dcdb4b7369e.jpg,3thr
12cea54dfaded51c94e45b324baa81c4.jpg,6tka
cb9b21d04d1821e65d50143e584b0168.jpg,nof7
9e8e95994c97b90e8aa97e76c044b1ce.jpg,eui0
3dcf2e468868f20a9b32cbcffc3e192a.jpg,emxd
4978df520a36ded68861c53d690f176a.jpg,02ls
3c69d6997f6ecaf15949cf9ec0e9b97a.jpg,nv0q
975d56d80927e355d183b184d6fc7be0.jpg,69bx
68d96c4c4e359fd7f251373c1e93bdd9.jpg,lhkq
be0ff65d74ee702cd41ed0ffcbcb8969.jpg,ojxg
9c5e6ca58ad630ee1139cd27ae71651a.jpg,lsbj
f630068a158f7b84a69d56ae604c9403.jpg,hly1
b0b118bca00458841f6b6a5a216e0baa.jpg,flza
8a7145cfd025e0166a951846de2bb63a.jpg,jceg
bc5e42cc6922381623912330f32b549b.jpg,oqbr
8bd75356db6744fc7e6973f800fe0eca.jpg,ut5y
d00bc08ccd0f367e3d03ad54c0423c09.jpg,coev
3f2bea996987b33417dcce222c0f3eb0.jpg,n7yy
237358227ba25c7e98f1e8d055d3c391.jpg,gqtu
84fa5633afa3a62f7e3d728a85c2b313.jpg,g6kd
10cc2ba526b40ceff6553a29a8e188ab.jpg,yvl8
5bd03d6a1acff262fc14f42f339a017d.jpg,xuyi
904cab46a208d8a034680d60be726a46.jpg,eq0w
e16149ad92edb2a04a61ed60d7564229.jpg,bxzf
112a0a72b0f48bd92a67d2205e0835ca.jpg,y2wz
89a264d1b795afe10e4718a8e3b00cb3.jpg,4l9f
ef6bfaee8ea784946b128d54db0c44f8.jpg,6hz9
b93c27c6b42476729db58561f8ba6357.jpg,h52d
de9264abe7b2e34966a21539b7aad314.jpg,pa8h
962c64244c042faea566fc1dfc90ce68.jpg,tne4
358d135f5df2d5bcf0e79f631130216f.jpg,zsyl
f9493fdc3248f237e09c0bdfee212945.jpg,g5jy
ae2347d5868e16ec13bcb24a6b43028a.jpg,39dg
8ad5102e4ee19a525e15f38e1c79ad29.jpg,f1gg
6da2e69959ed8b4dffc23b49351bf768.jpg,2s3q
d198957d0ce15f99c8a269732257dfeb.jpg,cyqx
befbe09c1fd2a742296bb4842bd0bfc8.jpg,mvef
d3b48a95cd1fde1e1fb3ee2ae07df44d.jpg,ymi6
6b68f19fa05373e2d45080d64d3c7e4e.jpg,z24z
74fa9e77af836f9f865e2f274e5b9b23.jpg,c0f0
8da5ba7a6722dface0cdb98394c391fa.jpg,3zgk
9eb06c3a416df283c74e599f92ddfebf.jpg,s78s
e4713b75c7ecc701941cb6e27561a480.jpg,58no
16c8bf896fe14ce31f9428dc01ec73aa.jpg,bk6x
98eba282604e282405a6b02069c285c8.jpg,skt3
9c3af7402e3753968b6a7895e9e33afa.jpg,d2tn
e0619f7fd75be465b71210a7a5aaef61.jpg,0nc8
fa9e1cb7a53f40ba98c070368e7be036.jpg,ejiz
5d5c3626adc46fb7443309d87a827707.jpg,un99
0e9baf3f3fdade33a7e59dc31359bfbd.jpg,k5c2
ebddb325723422ebe91f1af26f750839.jpg,07ub
b40d1e8ca1b5ee2a81df771f70c850c7.jpg,8pz2
cd58dbd828a037df67bab498edb488c5.jpg,iavw
aba199abf5d92541deaf2045587c291d.jpg,b9nd
dd9c743ba9ecaf59dc8179f1453c3c39.jpg,v2u2
1a913b01f8b911311319ac92d6709089.jpg,w0qa
ea7bd3a18029891f86b2746758c8a747.jpg,9cbx
726b6532a6ce911ba1cdff20844c4df2.jpg,rn6r
8e05d24127bb83bc3557416f32cbc8ac.jpg,rzhj
1f33fbfe92569348d9890129791b8393.jpg,cuwq
9a2b94fa4d19901d97fd91dd06471b77.jpg,aet2
3dba069fd3b8ebc71550bee950e86b8e.jpg,g6wz
ee3b37bf7999e7f81d6c54314cd12883.jpg,xii8
00c8d4c6846c43500e9f637ae16314fd.jpg,t4xy
8fdf9c7eac2e9696c36e9a32a00bab86.jpg,unjv
b2cd66a7296863777a8c7ecf1dd286fd.jpg,wj9b
7c3c32deb2770c551eccfeab055593b6.jpg,zdnh
03d4842775cce8a13a5386e7280b786d.jpg,uhni
a6050447973454cf85261b94a5231fe5.jpg,rjju
4afb0d939c394e2fefcbdbec48509874.jpg,w59z
57ef80157a58786e4152d9dcc2585bc2.jpg,cx5n
2c690f6a8ca509e9c8d0f2a6f839a610.jpg,js1m
06118cff9e25d007d191b1f434096bd3.jpg,w9yd
9523e4ba64c2d881d93a535d3fa5245c.jpg,9lxt
ae82de3934754b868b9cfdc04fb9d2d0.jpg,96ye
7a76f02a72ec658f9bb38199eb7a06e9.jpg,c7co
dbd249b708fe17496aac5e2bc46ec635.jpg,fi27
29a7883d87e656b43d543878c1f77e3a.jpg,5nyg
f3cc15f1b8e57146da096d859ba810bf.jpg,j75u
e2e7255cb4420eaedd2cbd57fc3f20af.jpg,wrnf
a9aaf3bf932b7948768c357fb4e5e853.jpg,uutk
0b92c8d7c4ad15ba485e0a0ad86fe6dc.jpg,sgoi
6b4807a54690cc249fe0a81e9c6e1184.jpg,hlp4
e950c84904e851e5b7f5875510950322.jpg,0nzd
fe64e9dc041787115cef3539eea66e0e.jpg,cxpt
7b38556a91e8459e683d8fd3f668f176.jpg,tx4q
95f9853735e1ec85803dbb1e8c8bb38e.jpg,a8v6
9e59d48099841620a27336f2cb58e957.jpg,8gco
dbc932e0d016a9f9a64c6329da6bbccc.jpg,gcxt
c3b0cf1a447b0cd9acb8b40977ff5b41.jpg,ov5r
ccdc182e6cdec12a3ba868df5e02fac0.jpg,sed1
55656473298026a490520e78fec4d995.jpg,ew54
28b70367824c303db385b7dd335483c8.jpg,okv6
b35edb973286441b1613c87b7c9615c3.jpg,0f40
e758fa4543478a6016157b8db7fbcf16.jpg,u9cl
5b9a7313277e2af76957dca4b0cc256f.jpg,t3fm
0325b303265721d39d19f0def7362745.jpg,bdh5
4e92c1733fb999e0d623a5ebff87e288.jpg,0175
bb127665e865aba8801d30736d94b721.jpg,2cv0
6341e7a4cee201afd678f3bda51d95c5.jpg,c8fx
1d327316a7fa7b62601a423a0937571c.jpg,yrzp
30c526eeca991e93b65ac73945feb4e9.jpg,r5hb
4ea91bb951aa6cec9b39745d945dc082.jpg,9d1b
3e565fc016b21d45e4f7e5daffc61dca.jpg,p5z4
a73a2976d9bbf89a3a3ca083504eab94.jpg,a6te
0f7705546c1b1bc38890cbe9828ad44a.jpg,7vdu
ac12e00baabb4646f253d4e669e8f3df.jpg,nbop
010501f025c353f51e17adc373a55d21.jpg,ldt5
db40195c410b6bc67b4c242dca2d5735.jpg,vglc
860c0b85984166b64be09a11d70cee80.jpg,1p16
5147c3aa009bcbeb11dd8176fb4729ff.jpg,lmol
add42d026e11e0dff84537794842ea78.jpg,7xca
cc1a1596e5146f99b7577eb6ae6c7cd4.jpg,yzs0
1605ceacd4720e2234945274cdbf9e0b.jpg,wk22
8207f4b57b665ba8386a1e7da367959c.jpg,j1x7
3f0f020e564579fb38d6f62188155e1e.jpg,twh1
128b552ea4773f67230dea34c4193c4b.jpg,69gp
7e45ab2c11dbc3b18facc0471412b037.jpg,d199
e3f4403c1dad0e37498c236308be5a3c.jpg,cw4h
3022c6a1aa53c7452b9d88c6e58c1c57.jpg,whh6
a24b33dcec2e549c54598a4130bdc128.jpg,1eqo
7ee0e97b03228863161647148dc27a73.jpg,xuur
8d9581b4eeb5f93029d7d651cec20e4c.jpg,7cws
45802430e55cf5603b134fa525d580ff.jpg,8f5a
1c3a6f89fe6d24e8558e2cc506b7391d.jpg,97la
0ea0fdf3a253340188f82396fefeec04.jpg,37zb
761b63459e48b021bdfe3e9fc60c6000.jpg,y4yj
7f2cc34be6e4c1c730e601fddbfc418e.jpg,wsfp
1cb02869ff76f0ff723d59f795f1ff25.jpg,hcdo
b4cac3306f7653824903ed2b421af3f7.jpg,c6pg
48a8e2f2d7df08af3764ecdaf4c2ab7b.jpg,xh8i
03b26a4c17c74f4924fe5bdd118d9f7f.jpg,1v7s
a2e632dc64ef883664391d6f7f4d7431.jpg,gsoq
ebdf3046370b38094af827fdacac9d4c.jpg,xt8a
7ea764805e78d2f91e4f1ad2bad8f726.jpg,wdgu
24ef6b2db55ff1a7330b8e0cda55e5cd.jpg,pdsu
dbe9bbaf32f9be98621970dcdbe8113c.jpg,f7ea
2fcbf5b639b97d3db3b9d890dd61b209.jpg,tshr
c2eabd1cb51058b17bde599bed188674.jpg,gr0a
124f0be8f7bde20c1cc343645f697846.jpg,z8ym
6c2fb670baf1de550aa6fdcde8db0a8c.jpg,rwjv
015fb22c489a30ce38c892cf47b54efd.jpg,x7w5
82b3c23b1df10dcd378f15fe80430d16.jpg,kpah
73e553fa35ec64f954c45bc9e707b865.jpg,vkqs
fb955bad5b84650ad4ab1a9be875aac1.jpg,3x93
f65077cae265f016ae28606f18e18a6c.jpg,ihni
14e92284cb3cb944f203b9877a1b0882.jpg,tnhd
d83d0ccaeaa64a2dfb79e4edbf9938d1.jpg,6uss
a60b83449ca65adb7737ba8c822b202c.jpg,x5g5
34aafe03fc3081ee252af1c2e57782bd.jpg,l12c
838405540c7b7641a08de25cac6bd564.jpg,9wtm
28a53594d2b33049367ffdaa9753cb25.jpg,ae3p
66dc8964e2702b7fd5e839bad86ba6ca.jpg,ppja
062afb81c2860942aaf558a929e2b8ba.jpg,uxvy
1d1b3594479d07f7b2eee61da5bf2261.jpg,z04t
464ead9c3580482c37777f19fceef23d.jpg,zrjl
638d514ef0918be6cfe4181221eb3d16.jpg,38rh
6dc5643e422fdfe801eb3ab373a6d4c2.jpg,ezo9
255697f8830aa657909d554ae25df570.jpg,dqob
cd407cce7bb75e690d18aea29ffd71d9.jpg,jwjg
13e1a048a486cf933af7a72a18f1450f.jpg,aape
522a9cc4c291333b24626590eca4e307.jpg,emvr
83b2b225f739a15c1011baf31239af01.jpg,hc3m
e0ec4da197a3403241f90abee3d75b7b.jpg,f8j7
eab3d086e32f32b9f8780495d486307f.jpg,kjay
cff3cbac986ace8c5f5d0dca8b3e7001.jpg,mm6b
37c862ad605d019a1121c4f5c0a5e8f9.jpg,z0v8
6a63ddffc6c6277c258bfcc58dfeae34.jpg,lvc4
f1cafb599c4ba529ef8ef9c85bcfbc4e.jpg,zzkt
7278fcc6785ac9176376e5e2caaee5db.jpg,akdd
389df5b7615d767906df6cf79c6689e4.jpg,adn5
ee90e5f22c2f0e838e22150cbe929d8e.jpg,vsgi
dea6958fce3f46d69d13b3c0be976f8c.jpg,xto8
5e4a59cfdefd62af3ccf8640b5951e07.jpg,gtmo
5c790952d99a73b33072dd5f5d579de7.jpg,z3pa
7ed779617c22bc4cd8ac13fcca1eebb5.jpg,2x2o
09db9bbeb50850c5715dd38bfd609533.jpg,8ocx
a3b9f4e0f24f7a404cf651c3450301c4.jpg,2tus
e27680275e241363aab193049c6e4eac.jpg,6njq
9fea191ecbe207458924e931e2f33f12.jpg,6txf
76dbc2d52a794e5b2b1db4856b4c85d0.jpg,kbp9
7abfe52a5c8ff861b572ff73219ca077.jpg,kix6
14245352eec9e8d819b0a05f651a57f6.jpg,5czm
43608e541044df5fa311e94b404b7a01.jpg,z262
2254e7d334093277ff4ed594bc91d4d8.jpg,0ci7
1ad0cf2c0180915a5be9b9d3c8054176.jpg,x9so
0d4848f812369ca658a7004610cef760.jpg,55hm
f03cb2ad7c5db47009412e98763745b8.jpg,v24f
4b991cb75cddcd23b4d60df1504d4d0f.jpg,mwx6
4e914f302612a6b09618decf3b44ad25.jpg,h63k
b9d109eca4a1c8cf1e1d1006a41201ff.jpg,cjcd
0dea47087e50114a5afdcc338d261e0f.jpg,fk1e
ee9401ca25047c3c279fa7629bdc1832.jpg,60b2
26e48d58cc3d377e4af91b27ff0973d0.jpg,o5qx
34802a513594f95322879a3c58a9dd65.jpg,rqwd
5e9dd89c855558b30b5e45c0f77e9eed.jpg,tp6e
b99a89974d2b9f623eabe4110400ad7f.jpg,qt3e
0c23aa6f733753e6c9bb6d868dcad781.jpg,mgcw
6d6bcd1aee22ab39c8b25ee438e5038a.jpg,weql
2642477dd99b33d96bcf58164f482821.jpg,oael
f33d3f1653505f76ddaa40e40d809f05.jpg,d7i9
1e1c073823bd159e82639363b4a5551a.jpg,2rkq
ea84af870de4f7fcd683c52edebb635d.jpg,3xxc
c2227ccc9b1261c4cec85b34a3d4cfb0.jpg,9ky0
6f708f275bfde22814d8cdda5ae30075.jpg,zony
531f4aaec1186beeaae01dad8cd625e1.jpg,bq2z
72c3b1fbe16bddda244419c9587934f7.jpg,c40f
e504ad0e742a2de8b2987ea74867dbee.jpg,2vpo
f75e27637605d5ba183ee56a6db3bf6f.jpg,nax9
da92bb84b4e053ef811ff2b184314112.jpg,gvtq
b6b838dfb40cb55f9d134f1820937733.jpg,q1z6
7f90602b22c4eba863a87bf941f12d57.jpg,7pu5
63975ea5206f1e40db6bffbf15c9fa85.jpg,3yzx
ac2a0741398fe62155411549adff30fa.jpg,ubs3
0e96890667b236c2756d1f1870f655de.jpg,u766
58f9ba796fe2ed9d73d24facc7966bd7.jpg,ps4a
b1ce5024b00f1682839c70ec7392292f.jpg,kfx6
178fbe49b71937a12ec59ac9f52dfa70.jpg,aq71
23ceecde8c8c292083bd9bbde9397e18.jpg,xgfi
5644571fbecd6e97507ee5b67d70da4e.jpg,lsp2
468ffe9f75ed7bc32ece82328cf6194e.jpg,6t16
1a24b00c76c9c1035e56926b7fb28b97.jpg,3v2k
3f6ea1b17f92b625b3a48f72f1b097cd.jpg,nvif
669608f25213f31d0e65328c4b731295.jpg,gtbw
b027c796e1f5733840881ff1a42c8e00.jpg,zb92
8ae121e3e69355e20d5b213e9a1e94c8.jpg,cfvt
05ab5c06f1315501c7489b7a11c427dc.jpg,xtxv
0161098e5904334d03c1c7be8fb2be3d.jpg,26ij
39250487609adfdaaf00de299f897e44.jpg,mlek
b2cad58ffe43d2158c0c24ecb6d3fd07.jpg,hx7t
d940667e66077f14a2b22b0fbda8c3c9.jpg,poj8
a1418d883ace8c9f2684d97486fbe125.jpg,6bym
aabd6df528e895933557b1a4d6a47d76.jpg,qw1b
88db4ba151494418837c617634e838e3.jpg,t647
cbae20d8cb66a1e582ef722b1f16cf60.jpg,jtan
b0a2c7c8f7d9431c916f503d3c8c6d96.jpg,29sv
47a9c4dae92a8103abe7d09e0fcb845a.jpg,k07k
d1857ce395e2166341969f53ddb6707a.jpg,fosp
3e58b7572ba1ace02c40bb28bea5bfbc.jpg,d162
c7ad88237247147ea186b601a9ec7420.jpg,ecpx
5e38789638c4809dacea7b3cd9d26b52.jpg,u036
c83ed61bdb1e01bd735e9ae0fbf17758.jpg,jsam
74d1b613f8962da00157d3cf84312260.jpg,pil9
5dabc15d2ed75bc7cf93b54b0d89d36a.jpg,6lkt
121a1196c8bb07a67dcd0cb3891db35d.jpg,3fno
68aafb2f46082031fa0d6afd2651da05.jpg,t0ea
70dd2fcf702b063dfca92a30a76c2e9c.jpg,ykt6
74e05a7998b9b69ae40f30fef853dc59.jpg,r209
63bc05f2ccf5f7cfb849a63114f86aaa.jpg,823e
ea11bfc3ad73409fc4535ce2a3a247a3.jpg,4qgi
7086fc387526130dbd7dbfdd848c037e.jpg,r282
495979c1585aba680d9f90f8b9b5ba35.jpg,xe0t
dab87c68ecad8140381e184c846fe66c.jpg,mcw9
3dd6cb7cb4535178c9ee7c50b8e94c17.jpg,eqyb
acc14a3b1c05098116685e3a0dd4b7a5.jpg,yioz
14b677b2b28504f7981c4f89560cebcf.jpg,iu84
edce335e6ca4721236a9928f75a17c2a.jpg,crbj
029cc8877f6f6f1062ebe81ca15b5290.jpg,qcls
5abe28ae379b6ff462ec3ec8abc3b22e.jpg,9wqx
f2a35e952ccadff10942ca4fea5c2620.jpg,u9sa
757e6f236bececdd322aad23b70b7628.jpg,vjzn
a9695a53186c849f42f954ca6b845c82.jpg,8oif
5e310419037abe75fee398b003b3e641.jpg,977u
adda3cc1fcf8ed4082fc1fd0596b9d4d.jpg,iii3
5ccd4b88e6a583e3354a9afb94e67347.jpg,dt2l
d879061a97f48b8bcf99e52e93bcfd1f.jpg,vj9x
72127901a2af8dd0dffc67825cf6e2cc.jpg,s48k
c1e06b51244097f5ebacd2fe275caffe.jpg,j5bp
6a663ef0c717a0861d01705519b39a1b.jpg,mar6
51c01a75cf167c0687c3334a60cdb2a4.jpg,hjd2
a33f7ca62e6a738552e963e09c97fbd8.jpg,egux
4b383dbeb648d0621d8e0b46d84d77b2.jpg,pf7g
7d1d80847debafcbdfc04bce5f1ce903.jpg,jbez
216a838673f3d43fa7ef3c6ace1f325e.jpg,e203
8259e79cebc354357cbe2cfd2a2ccea2.jpg,k5p2
a7d8e203d49f2d17fcc58e209f9ba2b6.jpg,9ynu
29fe3fdeb9698b9cfacdb812d5695c5e.jpg,vxf2
6ee3fb35409e3f04dee39de2f74d3847.jpg,n7u9
2300e68902dcd08d6e404d890b59305a.jpg,r0n7
fcf1e649a027f1d876942e93cdf9b0ef.jpg,nf8y
1fe1987ec9820d147d91464a6689e49a.jpg,jkmy
91be71b4b17572a189dc8c089f157a50.jpg,hels
3c4692b7397c3897e1477962ed537954.jpg,8klq
5738b769bbeb52c6e496a4a39ca66de5.jpg,3ubh
10d83a376aeffae6ede238e5fb0ab3b6.jpg,bhqz
4af09889c91bd69c72d435ed0d90aca9.jpg,1ll1
d11c63ffae99b47c4c09e1b7cc4eaa08.jpg,mbdx
668d33052e39b2391118d2eeaeb2753e.jpg,jqoi
23f100d197dad50481081370984daeba.jpg,lmlf
04ed47619924abdc0ef0cd1921391ca5.jpg,5tlp
b365e376185e453b19be7a8a2e1e93f7.jpg,0b2g
a2b9a9fdd305363858c8f5a718ad012c.jpg,r9ht
7d9a199a5de2be589fc1da701f5f3733.jpg,xoy5
789134562abaab9005539e01170bf26f.jpg,53sj
64e8ebefdea83703a9d18a9a77aa2da8.jpg,vmx6
f181da22c384447df5fdb2c9c6a830fd.jpg,jy7n
023720c1f100263c2acfb55a83831942.jpg,05e0
15b1b77c7502ca3441dab0e29c87d83c.jpg,gjhi
3059c1718251ea71919009235b5844b5.jpg,3aib
67d34bafbe3b25f1271f1458c3fa5b3d.jpg,a28a
5e431107f5ffb39725b713d1a19f97ea.jpg,t9m0
1a00949c25fe5673d3627505b82f82c4.jpg,39d2
0d016df4871e124b217a562ff3910394.jpg,72a8
4723bcefb17c71c0cc37b3dc1a3c74ae.jpg,fl6g
212aa4d79c7ffbc8d50c04a23ee6080e.jpg,ybai
6456ab370d7943fed3eb59c9afdb2a5d.jpg,fri8
727e49b11b7f1448e0797d9114c22b5f.jpg,9d3s
f21bb850454bd815ca015362a3c1d5c3.jpg,i4r7
0c50aaddb54d710d137abc168891b7f6.jpg,rvtr
eacc771bb25a06849bf579a28bbe809b.jpg,xme4
4750e44fa90b22d5010dc35cfe083d30.jpg,25na
738b31ac4dd64f95abe760600d0b4a67.jpg,373l
3fd174107a96bb85fe62e547a6bb87c1.jpg,ehuh
0e19fa7e085a18cbd9b004c084bd3995.jpg,o7jx
48e4a03fec1fb5a9ee0c9e1cd90bd657.jpg,y86i
1faf6ed35ca4fd8b44f9c2fe46b2580d.jpg,yn1b
0b2423631d55c9782f4058caff19f576.jpg,x8qd
eb48327c109094447cedfaae84d976d8.jpg,vb3n
45934c21beb48d1e4cab184c404bddb7.jpg,95al
7711ebac87217c03894afefa39bae55d.jpg,m9yq
a8262d30e940cbf92c5e26272399f0cb.jpg,8byp
1cd653bcb80d2f1310e8a4ea1f620cd1.jpg,3fje
39c5dc7763d7ce8f9cf07fbf4a4ef0cc.jpg,v9d4
54a6ed3191419de7635334ca471507d9.jpg,8p0t
e17ac1decd6b20ae8144f0805b349e55.jpg,ks5m
af8c587ca904a9c8752b64749dcd33fe.jpg,e6tv
659ca5561730b4c704ce65833ea0d81b.jpg,35ip
0d38191dbb4353fcf83c140cbab4b70a.jpg,alr2
c84cbde470f22d3b62d0da393994c0a5.jpg,afs0
69872513bbae6edebabc03da71bc2262.jpg,79eb
9e836a6c9d249db92af1005ab379e0f7.jpg,kz42
a8af963504430e9d4ae0c56bdd5c1066.jpg,kbor
b5a166344f711722679671a088973104.jpg,eipd
059501e06716071b44d2422a078091c3.jpg,b585
4f5c489b3f106f5cd39e9d85c19fe111.jpg,htkb
98ca8eff06782fd8881c1f7bad1d750c.jpg,yws0
7cd2c051c63dc6723a5a1be0a6f932b4.jpg,dxdj
9132785328e3becbe2adf1989ae32027.jpg,uz8y
a1322a27caf61cdcb4381c45e9d29573.jpg,z9bm
bae79f170237cc514039fe3623a7a3c4.jpg,vcko
c0cc40da95a96f34818a65212f1df9f1.jpg,78h6
9d73937f1843d90ce1e0fc4bbf1cc0b0.jpg,0n14
3171e405b3f7c96d3e03e029b409baf7.jpg,4rie
d92c1acb80c3342bb53b1bd0257b73b7.jpg,p46m
3af4d6bec46364c5e36236325b715a10.jpg,f4d5
d9ea85c4436c14a108f355e86461875c.jpg,yop6
8bc7736fce064dc87df401c27ea0e42a.jpg,xpdk
c018f6805f2b18391abfe9fa6f74b639.jpg,a5yd
8647c6032e1e262d9f4dca2dde578ea1.jpg,ewft
71af91bee689bd5c640223c841471aaa.jpg,eyyu
aba7843065fd5b52eda906cf60360135.jpg,w4cn
fec997be5ce3c7059c6efdd63d322d62.jpg,6a5d
32a5fce1afe347bd7ca0f4462072576e.jpg,enu3
c742ecde9972d1e3aa4929bb9bc15b94.jpg,6gr9
239749ca0b29070307f708b53a3d4a33.jpg,n45h
2f12f4aee3fd781fee14a196ebccabf4.jpg,abxy
992125429a532f346f97a0eaedc93f49.jpg,atmq
ac8937dad5759e9db771b733eadb2c34.jpg,1kwi
40d8667089067d1ec28623579a5ba7b1.jpg,kf54
bb3efacccc2fa90ab2978e338ab6e11f.jpg,kavl
38a07dd9954368254c151c741af7e225.jpg,y460
c043e729d454aa419077a2b0e7187d28.jpg,dob8
b732a73e46b3b8670d8dbe7b69408120.jpg,749e
80a1a74794a78fa17b1dae8aee9e3032.jpg,pd6v
5a8bfb56b435ec7db95415b49e4563a8.jpg,a2of
a7a66d16612893d0c11cdeacda1a0a7b.jpg,5o7t
f0b9d24aee532ae909bbfee5226cfa36.jpg,hx7o
80cf56aef70191787de4c9d7730db5dd.jpg,ynwz
a2ad4b7243ca4ae8ece6c4cc8884cac3.jpg,wrzj
ad9d925e010fb16807e145879a75b40e.jpg,8tvc
a4d50c1b7a610fd9626d0688cb3eec55.jpg,p659
0fd7195187566e3054c0350430c053bc.jpg,trhf
b5fad30fcb79c8a51b71c947f35d26c0.jpg,liwj
e2bddf7ffd8604c2a9eefb8efdf544aa.jpg,ffci
ce528c0dd700f1dad35ca9b69ec31239.jpg,huuq
af5573db0cde3fbbba2edd4083ce3d5a.jpg,f985
a22bf6c07e26942c5d58f4bc8868a9df.jpg,bn22
fd8e55717ec0dd9c1ac36c657e0c8212.jpg,2hr5
4b2530a5f454dd53ddd7775fb90f0c72.jpg,pydj
3badb5737d0347e1bff3b5bd49162ce8.jpg,v5z4
af8b896869685f96a77f202de77e3302.jpg,knni
aae541d7555ead234526c146f936a8d5.jpg,8d88
99ac225e57ec9f0c2281e66be8b5a9b3.jpg,4xqd
25ac50b8c3e5e3b3f0ac1613ebae67b0.jpg,tst3
2c2271b0f92e887cf45efe6c19bafda0.jpg,v8v6
c07272d333dbd55e8b77b09cdd7c03eb.jpg,meqi
db31051d796c1efdee2ba35f81578b40.jpg,2foj
18e4042289745ee2b5526e7366189268.jpg,hdvt
c53bbca319f35f94b40e003344460aa4.jpg,l76q
5103559f6b396439c223c9285a49ebe8.jpg,s4lj
0808d399c18bf6cc7e87f3f3d8603013.jpg,48w1
53435200ecb8ecc5c839b430ae97373b.jpg,6xtr
8844bffbc2355a04e9304f215e7d6d94.jpg,y4jt
fef294f3f617e556db5a954900403818.jpg,rbmf
907e6b25872b0f8adec84d96aa27b5e8.jpg,tszf
bbff4b188278aa3a34976c815dfef21e.jpg,vley
7cdf8554d29b9bd2bdbfb5069bf75b27.jpg,8ug4
eb1b356863865d932b512068a2e99170.jpg,mra4
b56c51ca5bc5ab0bb5600ba6c3ef7036.jpg,bi3c
224e01ab6ea1cd91e6f63557eb70e290.jpg,kq4x
28c9c6c1e3fed58488ffba935daf8fbc.jpg,fbo0
ddd777cec4ae1bc64ae07f9cb158acbd.jpg,x8ri
aa5a4dfe78b4572159a213f41fa38695.jpg,sp9p
2e3af0379425fdcd14129deab4c6531d.jpg,3cbc
5b91e733fc1409cb8e8dc032ef6f8a43.jpg,7a80
a62cd59a4493d159fef6df745db028b7.jpg,hsqp
4f1083c733f20aeb4973e17a10b81632.jpg,y7m0
18742095d19d208c34fb84fd032799a6.jpg,wusu
8d1c9b041df8c506b55b71fff2a367a1.jpg,ieti
6c8e1d2d42fd1e74f27d770d5a7affa2.jpg,uqfd
ec346171093de0f58a768db3758c2949.jpg,ygzh
afbcd33299261608436f2a0c885d56a0.jpg,qjin
3a32deecd747ff830fa007b413a98097.jpg,iper
4ea1ee04e22fb951042eea2bfd2a6fca.jpg,u7kj
2b2a5a8727aeaa4385c53ef1157f891c.jpg,9hn6
f3f0ca2dadcbfabdf85d42e7a7804135.jpg,or7i
7edad2f39bd53b68a50de3fe9d7e5375.jpg,tapx
db28d21bf74634f2ab0ba12f3f804c62.jpg,jhwb
7d3775d017c6cda7d631ce49fc2eab7c.jpg,qdeq
2c9b23f9c1c5298973ebe794d7bfd138.jpg,q07q
2a1690c7824e6e1cf8c8447da7463be1.jpg,ro78
65cfaac8ec5076b660da4b11b7b58d83.jpg,1hyf
5646ac0dfb30fea2423388fe6a64e7dd.jpg,o5h3
263ed6a5549ca446f3dbb142443d1cd7.jpg,9gcp
6181ad79c65012113d55eceeeb50ae3b.jpg,0lqk
f1e557e98c86c60298b31293bf8986fc.jpg,nyuc
f874ba1f42b744034a8e978c18b7f44e.jpg,fbsz
0ba6824b9b42dde66d3f935e955abacc.jpg,p2ua
52761d395b3ba17177e8bb1c1e747b43.jpg,dul8
1b88628805c15daf1a914261ecabc770.jpg,jv2m
7d431538ed42a22284945ba78cb40720.jpg,bcry
8354eef8323c077876b47a56dbb9574d.jpg,n2eb
6a6b38938c38515e23285a1b353af62b.jpg,2k2i
460c89ed12a11d3569939853bcf896cf.jpg,t0ef
31cdcbfe48cf6b0af8cec2c5f2fc27a0.jpg,7bwx
022479a02202ecfbe3412bd44985565b.jpg,ruvt
0c0c39f87dd99ae05e6900e4da5ca747.jpg,zt9w
d2514d67228065131ccd36c57a6ead82.jpg,bdma
490ac7c7a6f8cda3343b49ca941bc637.jpg,jsp0
57d6a0821b18de641e5835dfc98f3131.jpg,nlwv
9e6bb2dbfecf3fd64b1c0333495cc2db.jpg,sx36
98a1de6820b3e744cc3d223c916fea8f.jpg,lru6
7edba8682266865e20595c291f2f6493.jpg,exgp
c2f27f6a307e176b59c1f7fa1aa88dfb.jpg,hyge
bc2ae3c047f62046fa529755cf4ca2cd.jpg,oc4b
1a2826c32791994630f89976545953c6.jpg,9nbv
0873edd83337703eab8b97dcffeb531f.jpg,7fo8
f1ad162254c889615336c2fe7b605a43.jpg,4bz5
a49c3fef0d46fc20dbfdc20f9750633d.jpg,acpo
56c6001e3c4406c0683432aaf9fe1f68.jpg,86s3
4f4fcf94cd33c45782ee6ceef65ef87f.jpg,mz2c
f445b8f4746dd64436b73cfdc716a5b8.jpg,irpf
066412c9c1a45d0d2f28048540fbacd8.jpg,f6uh
549a5d19d8054d0f4acd288d3bffb5f0.jpg,18mu
65078c19ffe157fc0381ef90ca06c84d.jpg,6mr6
f510b0b8c12b2d377cd3f971f3f0bb28.jpg,uds9
eb66fa121e48a72e70cd5ee2335e1ce0.jpg,id2g
a77f97fb823621ecc358ea11b5aab5d4.jpg,d261
1fe1c28bfe7d1d867ece5e7fc3c3db8e.jpg,n8vo
c2141fc350cf6b5c51e22f45b4ed717b.jpg,0t23
8e6a2e45bc1a782ea400be93a41ee0df.jpg,rjmz
6150d675cadcffd587ea664fb441bd35.jpg,pl8a
f1f55c4139200820a3a9816d4f8b0497.jpg,8d9x
4446a4470e67da090664daf47adf0d02.jpg,ea4l
5b04fb89c0ad30cf636db5ddfcb4dfe3.jpg,p0ge
793b4a3dc6c6aeaab4811a15c7972446.jpg,fg19
a2bb8e0266ae3f703765deb84ba8ac82.jpg,7527
e0a8e1363feeee999744a4e7a3255624.jpg,q0v2
d2a58de8097f23004b2795fb22e1560d.jpg,598n
5eaeea9830edb155c4eb132068941481.jpg,ebnl
8aa94006a79c600892538fd36faf5df7.jpg,jwsk
21bf5a43aa49719cfc526a815926c031.jpg,tmp6
cc84f61661105c3dfdc0ff8d2528fd9a.jpg,5547
06c169f5af02f5d283635308178cffc7.jpg,8999
9c7eb97b0039967fcdea750a60185fb3.jpg,e8l8
d6ba464d2eed4f1f9b2dd6d34409c588.jpg,d67q
d8ea464c32a56827df6e9bcbcfe51795.jpg,egs7
331e8547b32eb7ae6748cc68d8bcf6d0.jpg,b9vc
1c7371f2f7bb82789de0494acb4a5dc1.jpg,fbki
f6ff7ffa71747b03ff8954593c0077bf.jpg,n6l1
bb5ecd41cfc4411dd7042abac4fb1515.jpg,ngia
c5c54b0b48573a2abb55eb426b7973cc.jpg,tpsw
eddf69eea37db6167c236a0be2f05d96.jpg,kars
6a23b5617e5f44d738f43e7a007e91a4.jpg,3n99
103e717e5a721c9b8ec9e47b613d7c61.jpg,0a97
e1aa8be741fdc408156cbd948373a9fc.jpg,pn7k
e3f00743dd78992f6920bdfa67febdb8.jpg,f67w
468dd3b10dde6b8d341fbffff982883d.jpg,htmn
4012837e102c729cc2f12fc52074347c.jpg,oid8
96efcc89f36d53f06b607ed201982bb8.jpg,l5da
609d6f1b3da22d6d789fd00441055738.jpg,lt8g
d4bcc6d749a7af88677481a2c7002d5d.jpg,zmr5
4f75ab05fc91b4a941af6db61c36e4ca.jpg,yy1g
5ed4d7af613a854e1700a728b0a5833f.jpg,wpzd
a911e108856223a1806dde27e62c6770.jpg,7w4h
e56a6d1941799119c5d0bf936cb05435.jpg,cbai
92e07a254214f755cf94904d5d6336df.jpg,byhi
b4c4cc9575e4c118f2c1c98740290292.jpg,js5w
b77176cdce283b1803d7a9f28a36a0e3.jpg,jjc3
c8935571d85577ec89438f4a2b083d17.jpg,92gg
f3abd43e955eb573d0a4fa449746b66a.jpg,vbff
1553f832a093a7b49a8c2be218d96731.jpg,xybo
8d5078e4a0fccffae4169644b4552e1e.jpg,vj5e
454618473df2a7cddb54332302d8b7dd.jpg,lz4e
12765fde840bf831d5f91c2dfaeeab0a.jpg,r3y0
d13c95d18e4f0928b765c1f0a2454879.jpg,2ce6
11bf3fd6d57088db55ff97129699bb1c.jpg,z4dg
7fb6313157c999d0dfeb9c9bb73519af.jpg,9x48
3e7b6f10a6a25c9036764fad56b69bb6.jpg,rs47
bcd4f928fb09fd35639ec5aa26a3ec81.jpg,3tld
c940b6d0f4a737561ac2fb41a892d036.jpg,n3a5
a73d4fe9a31aa8104e9aa4a655ce3043.jpg,wbi2
cfde2e41d64faaf88499000756024082.jpg,cqlq
6d9992fb1576e3122aaa18c78c0e3aed.jpg,27fu
8fdcc7788a687583b6d792bf0947c142.jpg,6o0m
f9c02e567e403c8c68a36b022d68d9f8.jpg,hom5
41e44dfc73dcd76381d9353c011931e5.jpg,yjfr
0ef6825e045da73b14ee7dee02bdb320.jpg,l6w2
9db2c6f6add3e6bfce5b47ff511516a8.jpg,7upn
eb95196630879242ce29c87be369f64f.jpg,eb0j
36c21b584fe52bb9a4e8f958d7b472c9.jpg,1fbe
3d2dd1edfb59ec82749b8f601e51eea9.jpg,vq12
9094d3f596077a52fc80997c1f92165d.jpg,d6f5
04dbde02dc61a8de1e19d46e29d32da1.jpg,dk7l
7493cb468581d8c131546df1113051e5.jpg,o3f5
569784a5cb1ec069896dc4ac6169445d.jpg,25g2
